{
    "update-files/app/Providers/AppServiceProvider.php": "app/Providers/AppServiceProvider.php",
    "update-files/app/app_helpers.php": "app/app_helpers.php",
    "update-files/config/mail.php": "config/mail.php",
    "update-files/config/taskhub.php": "config/taskhub.php",
    "update-files/routes/web.php": "routes/web.php",
    "update-files/public/assets/css/custom.css": "public/assets/css/custom.css",
    "update-files/public/assets/js/custom.js": "public/assets/js/custom.js",
    "update-files/public/assets/js/time-tracker.js": "public/assets/js/time-tracker.js",
    "update-files/resources/views/layout.blade.php": "resources/views/layout.blade.php",
    "update-files/resources/views/dashboard.blade.php": "resources/views/dashboard.blade.php",
    "update-files/resources/views/modals.blade.php": "resources/views/modals.blade.php",
    "update-files/resources/views/time_trackers/timesheet.blade.php": "resources/views/time_trackers/timesheet.blade.php",
    "update-files/public/storage/94150-clock.gif": "public/storage/94150-clock.gif",
    "update-files/public/storage/94150-clock.png": "public/storage/94150-clock.png"
}