{
"update-files/app/Http/Controllers/Controllers.zip": "app/Http/Controllers",
"update-files/app/Http/Middleware/Middleware.zip": "app/Http/Middleware",
"update-files/app/Models/Models.zip": "app/Models",
"update-files/resources/views/views.zip": "resources/views",
"update-files/public/assets/css/css.zip": "public/assets/css",
"update-files/public/assets/js/js.zip": "public/assets/js",
"update-files/public/assets/lightbox/lightbox.zip": "public/assets/lightbox",
"update-files/vendor.zip": "vendor"
}
