{
    "update-files/app/Providers/AppServiceProvider.php": "app/Providers/AppServiceProvider.php",
    "update-files/app/app_helpers.php": "app/app_helpers.php",
    "update-files/app/Http/Kernel.php": "app/Http/Kernel.php",
    "update-files/app/Services/CustomPathGenerator.php": "app/Services/CustomPathGenerator.php",
    "update-files/app/Services/DeletionService.php": "app/Services/DeletionService.php",
    "update-files/config/mail.php": "config/mail.php",
    "update-files/config/taskhub.php": "config/taskhub.php",
    "update-files/config/filesystems.php": "config/filesystems.php",
    "update-files/config/media-library.php": "config/media-library.php",
    "update-files/routes/web.php": "routes/web.php",
    "update-files/app/Overrides/ChatifyMessenger.php": "app/Overrides/ChatifyMessenger.php",
    "update-files/composer.json": "composer.json",
    "update-files/composer.lock": "composer.lock"
}